lat,lon,name,location_type,pm_2.5,10min_avg,1hour_avg,1day_avg,1week_avg
31.570236,74.412914,PU-ZA-8-NA,outside,297.8,314.16,422.56,336.39,309.3
31.444512,74.309754,PU-ZA-4-SS,outside,536.37,537.99,545.22,321.27,305.51
31.4859,74.3735,PU-ZA-10-VC,outside,526.41,513.9,501.3,322.52,301.04
31.501559,74.306762,PU-ZA-1-RA,outside,472.8,467.78,451.38,332.6,287.16
31.468374,74.301385,PU-ZA-3-ZI,outside,473.12,474.0,458.62,296.33,269.44
31.480284,74.404699,PU-ZA-5-ZZ,outside,482.57,480.92,476.74,337.07,268.01
26.612166,80.203365,SAMOSA_0148,outside,387.0,374.12,305.75,258.09,266.31
25.617332,82.853539,SAMOSA_0083,outside,422.54,394.94,363.97,273.21,251.37
25.746949,82.53803,SAMOSA_0094,outside,360.02,357.56,344.16,255.81,240.9
27.808413,81.405747,SAMOSA_0067,outside,425.63,380.99,347.61,272.07,239.13
27.761785,80.019349,SAMOSA_0126,outside,633.86,389.16,298.6,241.01,234.3
25.326006,83.002322,SAMOSA_0096,outside,208.26,205.51,221.5,247.35,232.21
28.544682,77.191111,NASA_AQCS_183,outside,100.33,106.77,118.73,181.37,227.73
28.544724,77.191879,NASA_AQCS_172,outside,107.88,112.88,125.73,193.13,226.58
28.546849,77.191417,NASA_AQCS_194,outside,216.22,201.33,195.76,177.24,225.89
26.377998,79.951971,SAMOSA_0063,outside,232.25,239.4,222.37,185.91,220.89
28.546435,77.191359,SAMOSA_0074,outside,140.39,136.15,169.84,205.83,218.39
26.473719,80.354418,SAMOSA_0135,outside,336.36,317.12,289.98,204.91,217.45
28.548892,77.19092,SAMOSA_0011,outside,130.65,133.72,171.68,204.31,214.36
28.545833,77.192025,SAMOSA_0168,outside,197.96,188.45,181.23,168.19,213.69
28.546497,77.19162,UT128,outside,146.24,146.06,160.19,166.4,213.18
27.15646,80.342325,SAMOSA_0121,outside,188.57,173.69,178.25,189.92,212.49
28.547317,77.192363,SAMOSA_0064,outside,137.82,131.91,164.95,198.53,209.13
28.545536,77.192086,SAMOSA_0018,outside,119.78,120.41,157.27,191.42,204.75
28.546405,77.189401,SAMOSA_0056,outside,133.33,125.96,157.97,191.08,203.75
26.494765,80.240855,SAMOSA_0149,outside,249.29,226.76,192.19,187.58,203.64
28.546403,77.192948,NASA_AQCS_159,outside,198.16,193.98,190.25,169.59,203.22
28.546818,77.191428,SAMOSA_0098,outside,128.21,123.22,155.77,190.17,202.74
28.547373,77.191605,SAMOSA_0100,outside,136.58,130.75,162.39,195.45,200.43
28.545514,77.192053,SAMOSA_0023,outside,124.79,122.61,154.65,185.58,197.98
30.682323,74.742775,NASA_AQCS_122,outside,210.22,131.55,115.48,184.96,197.09
28.546212,77.190939,SAMOSA_0057,outside,121.0,119.36,149.53,178.35,191.32
28.546882,77.191204,NASA_AQCS_124,outside,200.14,190.25,184.64,166.95,189.19
28.546235,77.192543,SAMOSA_0016,outside,113.6,116.0,147.76,175.67,188.74
28.545839,77.193135,SAMOSA_0138,outside,172.27,167.42,161.72,147.79,188.25
28.546263,77.189177,SAMOSA_0021,outside,119.88,117.81,149.09,179.27,185.29
28.54646,77.19104,SAMOSA_0038,outside,124.11,120.51,150.94,180.88,183.18
28.547364,77.191555,SAMOSA_0117,outside,213.53,203.39,197.15,174.95,182.29
28.547483,77.191908,SAMOSA_0115,outside,116.72,115.3,142.59,172.5,178.35
28.546957,77.189342,SAMOSA_0030,outside,187.38,184.44,179.26,161.25,174.82
28.547487,77.191349,SAMOSA_0054,outside,197.31,188.26,182.23,163.92,173.81
25.740407,82.670459,SAMOSA_0087,outside,353.53,335.37,309.01,261.34,173.13
28.546629,77.191443,SAMOSA_0101,outside,115.05,111.64,137.46,163.62,166.94
28.54622,77.190987,SAMOSA_0039,outside,113.26,109.22,135.76,161.95,166.81
28.546991,77.189683,UT134,outside,154.11,150.81,165.79,176.7,166.7
28.540801,77.184443,UT129,outside,151.84,150.51,165.57,172.8,160.47
27.584419,81.596826,SAMOSA_0052,outside,544.03,436.98,344.06,273.35,156.53
25.284611,83.027293,SAMOSA_0088,outside,181.22,177.76,195.49,263.1,154.69
28.546283,77.187188,SAMOSA_0166,outside,188.95,178.89,174.75,160.51,153.14
28.546353,77.189432,UT120,outside,139.35,138.91,152.89,159.87,151.98
28.423253,77.06722,NASA_AQCS_121,outside,147.57,149.14,162.0,129.31,151.23
36.871248,-121.337901,Christensen Ranch Airport,inside,154.37,153.64,153.46,150.7,149.39
28.547028,77.188939,UT125,outside,144.36,142.54,156.96,164.15,144.9
28.704852,77.169343,UT132,outside,134.33,134.61,132.48,143.44,143.45
28.545211,77.190432,UT124,outside,147.14,144.09,157.69,161.19,142.54
25.282607,82.995471,SAMOSA_0089,outside,230.36,213.46,221.63,260.24,141.85
25.827299,79.898985,SAMOSA_0099,outside,154.69,157.4,159.56,130.94,141.01
39.117042,-119.762646,Stewart Community Head Start,outside,2.98,40.38,27.54,148.46,140.27
43.57705,104.41902,Umnugobi_01,outside,487.41,581.67,390.58,159.93,139.86
25.7644,79.9137,UT_R2_1,outside,153.53,154.12,155.01,127.16,138.76
28.530669,77.2411,Greater Kailash 2,outside,123.32,121.88,119.11,108.44,137.71
25.827713,79.899583,UT_R2_2,outside,129.6,131.92,135.15,115.8,136.16
28.544255,77.181034,UT133,outside,205.2,197.75,183.65,163.87,135.57
25.835719,79.89734,Pune 2,outside,138.72,141.84,144.05,121.27,131.35
27.579677,81.60316,SAMOSA_0050,outside,353.07,343.63,301.36,220.03,124.79
25.844879,79.901294,Pune4,outside,134.07,135.9,136.34,111.87,123.49
45.226838,-76.195901,Trail,outside,164.06,201.36,304.76,322.91,122.74
27.697162,83.464646,"PNMF with MOSD, Lumbini Provincial Hospital, Butwal Submetropolitan City-6, Rupandehi",outside,57.11,41.46,34.72,69.13,115.62
47.920264,106.752545,SkhD34_PLM,outside,130.2,244.56,168.86,106.22,114.94
23.679008,87.673939,NASA_AQCS_145,outside,189.25,190.99,183.23,138.01,114.46
43.56753,104.4227,Umnugobi_03,outside,392.11,444.05,290.87,125.54,111.61
26.166919,79.971384,SAMOSA_0108,outside,149.47,150.91,174.86,175.45,109.48
22.318555,87.312105,NASA_AQCS_132,outside,173.34,175.05,183.68,109.3,107.35
21.09828,105.60278,AQSEA_VN_005,outside,140.21,172.83,146.0,145.27,106.45
20.995215,105.779496,AQSEA_VN_003,outside,139.23,136.85,125.15,134.76,104.07
39.212922,-120.090107,Woody Bliss,outside,0.0,0.1,1.12,131.75,103.86
21.073506,105.822389,"399 Au Co, Hanoi",outside,294.85,286.13,203.98,139.97,103.14
44.982365,16.719692,"Prijedor, Kozarska ulica",outside,23.6,26.78,31.89,77.13,101.96
48.985569,106.455436,Zuunkharaa_01,outside,114.78,181.67,144.06,122.63,101.94
30.751583,76.762862,NASA_AQCS_138,outside,102.71,101.39,101.64,107.45,94.44
28.545041,77.191111,NASA_AQCS_114,outside,359.16,366.72,381.82,252.34,93.31
21.063037,105.794764,AQSEA_VN_009,outside,247.55,232.5,153.68,123.3,93.19
47.472278,101.462472,Arkhangai_01,outside,51.25,73.34,70.11,117.35,92.51
45.73679,-122.591722,Indoor Sensor,inside,20.16,17.77,18.35,110.33,91.76
28.545516,77.369754,NASA_AQCS_133,outside,97.28,94.51,100.93,167.64,90.95
27.648724,84.340343,"Bharatpur-19, Rampur",outside,99.43,91.37,99.65,100.73,89.82
20.987117,105.839831,AQSEA_VN_006,outside,188.55,175.1,127.72,118.55,89.8
38.400514,-122.330647,Realm Cellars Tank Room 4,inside,279.32,269.84,282.95,188.56,86.27
37.742814,-122.503712,45th and Taraval,inside,28.73,59.4,99.34,77.9,86.22
20.457552,106.324363,AQSEA_VN_016,outside,106.42,133.87,149.48,105.62,85.34
49.490082,105.940393,Darkhan_01,outside,8.02,8.1,7.99,78.84,85.07
40.667309,-111.799645,South Olympus,outside,57.18,58.67,64.82,84.01,84.35
20.541437,105.922874,AQSEA_VN_011,outside,85.89,94.37,86.13,102.03,83.51
28.546516,77.190743,Indian Institute of Technology Delhi,outside,63.65,66.33,70.41,66.78,82.47
40.191295,44.505784,Lover's Park Apartment (balcony),outside,44.51,48.0,57.92,83.65,80.91
43.78211,19.290056,"Visegrad, Trg palih boraca",outside,11.78,13.57,25.3,104.39,80.5
28.543758,77.191922,Quest Lab,inside,226.76,214.67,196.19,223.74,78.89
28.48975,77.09255,Gurgaon #2,inside,81.72,82.22,78.37,56.6,78.64
27.578435,81.585087,SAMOSA_0055,outside,303.31,287.52,281.34,219.48,77.96
44.850751,17.235324,"Banja Luka, Trn",outside,22.96,23.08,35.96,72.5,76.6
